{
  "Aguascalientes": ["Aguascalientes", "Calvillito"],
  "Colima": ["Colima", "Cuyutlán", "Manzanillo", "Tecoman"],
  "Guanajuato": [
    "Abasolo",
    "Acámbaro",
    "Alfaro",
    "Apaseo el Alto",
    "Apaseo el Grande",
    "Caleras de Amexhe",
    "Cañada de Negros",
    "Celaya",
    "Comonfort",
    "Cortazar",
    "Cuerámaro",
    "Cuestecita de San Juan",
    "Doctor Mora",
    "Dolores Hidalgo",
    "Duarte",
    "El Capulín de la Cuesta",
    "El Maguey",
    "El Salitrillo",
    "Empalme Escobedo",
    "Franco Tavera",
    "Guanajuato City",
    "Huanímaro",
    "Irapuato",
    "Jaral del Progreso",
    "Juventino Rosas",
    "La Tapona",
    "Laguna De Guadalupe",
    "León",
    "Loma de Yerbabuena",
    "Manuel Doblado",
    "Marfil",
    "Moroleón",
    "Ocampo",
    "Providencia De Guadalupe",
    "Pueblo Nuevo",
    "Purísima de Bustos",
    "Pénjamo",
    "Romita",
    "Salamanca",
    "Salvatierra",
    "San Angel",
    "San Diego de la Unión",
    "San Felipe",
    "San Francisco del Rincón",
    "San José Iturbide",
    "San Juan de la Vega",
    "San Luis de la Paz",
    "San Miguel de Allende",
    "Santa Catarina",
    "Santa Teresa",
    "Silao",
    "Tierra Blanca",
    "Uriangato",
    "Valle de Santiago",
    "Victoria",
    "Villagrán",
    "Yuriria"
  ],
  "Hidalgo": [
    "Monte Alegre",
    "San Marcos",
    "Santa Ana Atzcapotzaltongo",
    "Tepeji de Ocampo",
    "Tula"
  ],
  "Jalisco": [
    "Acatlán de Juárez",
    "Ameca",
    "Arandas",
    "Atotonilco el Alto",
    "Autlán de Navarro",
    "Barra de Navidad",
    "Bellavista",
    "Cihuatlán",
    "Ciudad Guzmán",
    "Cocula",
    "Cuisillos",
    "Degollado",
    "El Cabezón",
    "Encarnación de Díaz",
    "Estipac",
    "Guadalajara",
    "Jalostotitlán",
    "Jamay",
    "La Barca",
    "La Huerta",
    "La Resolana",
    "La Sauceda",
    "La Tijera",
    "La Venta del Astillero",
    "Lagos de Moreno",
    "Las Juntas",
    "Mazamitla",
    "Melaque",
    "Ocotlán",
    "Ojuelos de Jalisco",
    "Poncitlán",
    "San Agustín",
    "San Diego de Alejandría",
    "San Ignacio Cerro Gordo",
    "San Juan de Ocotán",
    "San Juan de los Lagos",
    "San Julián",
    "San Martín Hidalgo",
    "San Miguel el Alto",
    "Santa Ana Tepetitlán",
    "Sayula",
    "Tala",
    "Tamazula de Gordiano",
    "Teocaltitche",
    "Tepatitlán de Morelos",
    "Tepehuaje de Morelos",
    "Tequila",
    "Tlaquepaque",
    "Tomatlán",
    "Tototlán",
    "Unión de San Antonio",
    "Valle de Guadalupe",
    "Villa Corona",
    "Villa Hermosa",
    "Zapopan",
    "Zapotlanejo"
  ],
  "Ciudad de México": ["Ciudad de México"],
  "Michoacán": [
    "Angamacutiro",
    "Ario de Rayón",
    "Ario de Rosales",
    "Briseñas de Matamoros",
    "Comanja",
    "Cotija de La Paz",
    "Cuitzeo del Porvenir",
    "Cuto del Porvenir",
    "El Caudillo (Chorrera de Silva)",
    "Huandacareo",
    "Jiquilpan",
    "La Piedad de Cabadas",
    "Los Reyes de Salgado",
    "Morelia",
    "Pastor Ortiz",
    "Puruándiro",
    "Pátzcuaro",
    "Quiroga",
    "Sahuayo de Morelos",
    "San Antonio Tacátzcuaro",
    "Santa Ana Maya",
    "Tanhuato de Guerrero",
    "Tarímbaro",
    "Tenencia Morelos",
    "Tingüindín",
    "Tlazazalca",
    "Tocumbo",
    "Villa Jiménez",
    "Villa Morelos",
    "Vista Hermosa de Negrete",
    "Yurécuaro",
    "Zacapu",
    "Zamora"
  ],
  "Nayarit": [
    "Compostela",
    "La Peñita de Jaltemba",
    "Mezcales",
    "Nuevo Nayarit",
    "Sayulita"
  ],
  "Querétaro": [
    "Ahuacatlán de Guadalupe",
    "Ajuchitlán",
    "Amealco de Bonfil",
    "Barreales",
    "Bernal",
    "Cadereyta de Montes",
    "Corregidora",
    "Cuesta Colorada",
    "El Carmen",
    "El Doctor",
    "El Gallo",
    "El Lobo",
    "El Tejocote",
    "Esperanza",
    "Galeras",
    "Gudiños",
    "Jalpan de Serra",
    "La Lagunita",
    "La Palma",
    "Landa de Matamoros",
    "Los Encinos",
    "Monte de la Calavera",
    "Peña Blanca",
    "Pinal de Amoles",
    "Querétaro",
    "Río Verdito",
    "San Joaquín",
    "San Juan del Río",
    "San Nicolás",
    "San Pablo Tolimán",
    "Santa Rosa Jauregui",
    "Tancoyol",
    "Tequisquiapan",
    "Tolimán",
    "Valle verde",
    "Villa Guerrero",
    "Vizarrón de Montes"
  ],
  "San Luis Potosí": [
    "Ahuacatlán",
    "El Rosario",
    "El Tepetate",
    "El Zopope",
    "La Pitahaya",
    "San Antonio",
    "San Francisco",
    "San Luis Potosí City",
    "Santa María del Río",
    "Villa de Arriaga",
    "Villa de Reyes",
    "Xilitla"
  ],
  "Sinaloa": ["Mazatlán"],
  "Estado de México": [
    "Atlacomulco de Fabela",
    "Cuautitlán Izcalli",
    "Ecatepec de Morelos",
    "Nezahualcóyotl",
    "Polotitlán",
    "San Francisco Soyaniquilpan",
    "Tepotzotlán",
    "Tildío",
    "Tlalnepantla",
    "Toluca"
  ]
}
